timestamp,symbol,price,volume,returns,volatility,action,reward,state_value
2024-01-01 00:00:00,ES,4500.496714153011,6401,-0.01830815374193685,0.031245146178268332,0,0.005993263026632826,0.17521141890851205
2024-01-01 00:05:00,ES,4500.35844985184,2761,0.0316737167206416,0.017452570520944982,2,0.02773769379581917,2.98525900260341
2024-01-01 00:10:00,ES,4501.006138389941,1876,0.02235674686984474,0.022849705356635646,0,0.1360658595838651,0.3674816654743044
2024-01-01 00:15:00,ES,4502.5291682463485,4812,-0.006659384827953962,0.0042068874322455825,0,-0.13088203991191122,-0.3135296861723979
2024-01-01 00:20:00,ES,4502.295014871625,2460,-0.02245667198993836,0.019296398734833936,0,-0.30195121558208254,0.9218015019772522
2024-01-01 00:25:00,ES,4502.060877914676,2733,-0.008783711870927843,0.007816468302565252,0,0.018384954475369485,0.4826878872092127
2024-01-01 00:30:00,ES,4503.640090730184,2605,-0.0018099073893972362,0.03595193336606243,0,0.18005111815108538,0.4200944904518413
2024-01-01 00:35:00,ES,4504.407525459336,6622,-0.017618637420397387,0.019847178958524603,0,0.12389463529394373,0.606850593215671
2024-01-01 00:40:00,ES,4503.938051073402,7767,-0.0006902251499622763,0.00443429839027768,2,0.02096594152746258,2.0565435648295414
2024-01-01 00:45:00,ES,4504.480611116987,7986,-0.0018757866427025166,0.0013359773125242265,0,-0.04916361856320474,-1.1308884353259157
2024-01-01 00:50:00,ES,4504.017193424175,4517,0.0012515469706288853,0.000871373791529728,1,0.08071225966373104,0.47363207681145447
2024-01-01 00:55:00,ES,4503.551463670605,4735,0.0022964517693797996,0.009285475688890375,0,-0.09735461997044687,-0.9263811299815384
2024-01-01 01:00:00,ES,4503.793425942171,9434,-0.009656175998771516,0.006180869196666926,0,0.04763577693562193,0.5555126463422483
2024-01-01 01:05:00,ES,4501.880145697513,3590,-0.008534140397496543,0.02077425968626351,2,0.05054701591666269,-0.9186865114860944
2024-01-01 01:10:00,ES,4500.155227865,2063,0.0004559216447004996,0.01383631474562598,2,0.10602099074988798,-0.4173668136050844
2024-01-01 01:15:00,ES,4499.5929403357595,5324,-0.006309921298739474,0.006185450300500848,1,0.27596600389110776,-0.2950899142379063
2024-01-01 01:20:00,ES,4498.580109215424,6342,0.009074947684172557,0.003232451989964667,1,0.039241596717876706,0.975816719344709
2024-01-01 01:25:00,ES,4498.89435654802,1005,0.0003589454976769974,0.002720971451306809,2,-0.05089636257074988,0.9184544439424138
2024-01-01 01:30:00,ES,4497.986332472498,8489,0.01865003233997474,0.039999360912576346,2,-0.002557431219199444,-1.2457173764463845
2024-01-01 01:35:00,ES,4496.574028771163,9659,0.008204824382712259,0.005580472462349473,0,-0.17690759048891183,0.054934110999848726
2024-01-01 01:40:00,ES,4498.039677540085,9195,0.01103713869390598,0.02109443346336819,2,-0.06947131310890582,-0.7095798547491726
2024-01-01 01:45:00,ES,4497.813901239599,6966,0.0013256606796478588,0.03328695772852016,1,-0.040928243811310404,-1.2585049106753345
2024-01-01 01:50:00,ES,4497.881429444286,9837,0.0015736150129029647,0.019042571648898946,0,-0.052408839793459255,-0.21701705042437042
2024-01-01 01:55:00,ES,4496.456681258073,1117,0.01731320579909177,0.03926024360410698,1,0.0152354872033722,-0.3084827884558197
2024-01-01 02:00:00,ES,4495.912298533548,3551,-0.0037829288353702934,0.009964563501645958,0,-0.08224199323822007,2.4267164863455224
2024-01-01 02:05:00,ES,4496.023221123258,6560,0.005467793541652396,0.06257256451607532,2,0.11210306673244715,0.43295982536069616
2024-01-01 02:10:00,ES,4494.872227545835,5289,-0.002662375321614578,0.0028576712875219173,1,2.0706491819709387e-05,-1.3776175007542373
2024-01-01 02:15:00,ES,4495.247925564181,1846,-0.0026863605838730285,0.0021550347728040518,0,-0.0009300321138614418,-0.5647740041709423
2024-01-01 02:20:00,ES,4494.647286874262,7316,-0.0116889626574172,0.021499408238582925,0,-0.032789471651291785,1.0213832954293984
2024-01-01 02:25:00,ES,4494.355593124469,7469,-0.0074251435085694074,0.05723491918308306,2,0.015519068385897915,2.088442772869925
2024-01-01 02:30:00,ES,4493.75388651224,9915,-0.009282694514164505,0.033097437769990454,2,0.08250982646676347,-1.5859833122379583
2024-01-01 02:35:00,ES,4495.606164696748,1224,0.005943688089231695,0.0015898891143133237,2,-0.08671302157109004,-1.879924385139045
2024-01-01 02:40:00,ES,4495.59266747201,5208,0.010402059282236625,0.006552525545030217,1,-0.06581164890752567,1.8709651753717822
2024-01-01 02:45:00,ES,4494.534956543054,7283,-0.0009475337357840248,0.053276518850327,0,-0.030372602877666466,0.38961417737090387
2024-01-01 02:50:00,ES,4495.357501455158,3048,0.0022962793016365326,0.005835366404062883,2,-0.1345870923473215,-0.8682927318763665
2024-01-01 02:55:00,ES,4494.136657805187,7233,-0.0015247135510509623,0.03038924085842262,1,-0.08192578597214978,0.5346290861224353
2024-01-01 03:00:00,ES,4494.3455214001915,2828,-0.00810775919892985,0.034874499916557195,1,-0.04762208735446591,-2.6357477390168778
2024-01-01 03:05:00,ES,4492.385851276312,2917,0.008622630247968789,0.013681850101289937,1,0.08743891807127276,0.003375506597160999
2024-01-01 03:10:00,ES,4491.057665227413,5234,0.006525346937594791,0.009766575388723796,2,0.0262561329001925,0.32782117284308526
2024-01-01 03:15:00,ES,4491.254526463283,7988,-0.018925459853039638,0.011961265342302439,2,0.019358991136754437,0.9242701395378298
2024-01-01 03:20:00,ES,4491.992993043278,3026,-0.0028310900123525357,0.00514861115825927,0,0.08508979621679723,-1.0138959522925377
2024-01-01 03:25:00,ES,4492.164361324468,4744,-0.008820273412074283,0.044035061212320196,0,-0.013737178839939666,0.08568716140335904
2024-01-01 03:30:00,ES,4492.04871304208,1009,-0.003909385696652252,0.011979285690016318,2,0.03904648499288896,-0.9254246260595873
2024-01-01 03:35:00,ES,4491.74760934649,1260,-0.006704315670462594,0.04281943634707596,1,-0.010322175293249624,0.2553837556743171
2024-01-01 03:40:00,ES,4490.269087356123,7038,-0.00046420370741399853,0.002234133978668288,1,0.026536234939962846,-0.8953463223630241
2024-01-01 03:45:00,ES,4489.549243147728,3219,-0.0032991473513347405,0.08892110155869005,1,-0.05827586576115821,-0.4081008391602206
2024-01-01 03:50:00,ES,4489.088604376769,8041,-0.0035114069382083902,0.011713608838925686,0,-0.24388171582764293,-0.9958153947902291
2024-01-01 03:55:00,ES,4490.145726602987,3060,0.011073884283387134,0.0009802510061841477,1,-0.013427916218630416,0.651136241823657
2024-01-01 04:00:00,ES,4490.489344892556,6287,0.005571786606692488,0.0007752707967976181,0,0.14227481360999403,0.8584511166566653
2024-01-01 04:05:00,ES,4488.726304737193,2619,-0.007038946503004337,0.027424746387796288,0,0.09262154022415925,-0.2346205699574138
2024-01-01 04:10:00,ES,4489.050388706588,9512,-0.0055554673281342105,0.02151954026008653,1,0.09653974845911707,0.03823799496002834
2024-01-01 04:15:00,ES,4488.665306426172,2342,0.004917930553996126,0.03240295700519853,1,0.12361307218062179,-1.4485914146335441
2024-01-01 04:20:00,ES,4487.988384425866,3832,0.004904195717027665,0.0022268459501865994,2,0.008865759096143745,-0.29967664800678706
2024-01-01 04:25:00,ES,4488.600060714706,3824,-0.00603780239062069,0.0007243784949700563,2,0.019731570740559562,-0.05020461704174478
2024-01-01 04:30:00,ES,4489.631060237202,2994,-0.0023399066690216468,0.014209093475337059,1,-0.06176518954343502,2.620793091029975
2024-01-01 04:35:00,ES,4490.562340356319,4490,0.018468060400869683,0.009807236572467749,0,-0.031607285602704975,-1.1119670257741636
2024-01-01 04:40:00,ES,4489.723122833096,8984,-0.005865480885213431,0.01239596185921824,0,0.061577114977114156,1.4641772387524374
2024-01-01 04:45:00,ES,4489.413910457245,2604,0.01910804588458785,0.09556289255838055,0,0.12038844371688162,0.996858773465808
2024-01-01 04:50:00,ES,4489.745173888648,1235,0.01103666942525805,0.07063748516297488,0,-0.013944627568099955,0.2806364044901364
2024-01-01 04:55:00,ES,4490.720719015771,2908,0.01725416275055466,0.05705529719633401,0,-0.045018926485141164,1.7586204841951334
2024-01-01 05:00:00,ES,4490.241544777925,9567,-0.006290719720694289,0.030634975762341265,2,5.279588565972928e-05,0.3721054726068629
2024-01-01 05:05:00,ES,4490.055885801262,4530,-0.0016855587406276104,0.008765180786755497,1,0.06012067489291149,0.3891591956679287
2024-01-01 05:10:00,ES,4488.949550827256,6256,-0.004491638087755629,0.010625020527863753,2,-0.14438548161335418,-0.053120653017545344
2024-01-01 05:15:00,ES,4487.7533442031745,3635,0.011267531919262028,0.01595309647673341,0,-0.22961809531372382,1.2235688824186275
2024-01-01 05:20:00,ES,4488.565870025569,9162,-0.005676837726720896,0.035502113109015396,0,-0.055053684949158355,1.0964692338108837
2024-01-01 05:25:00,ES,4489.92211005414,3560,0.007312154933428737,0.0014237519739005305,0,-0.12207124259141587,-0.6256772874962124
2024-01-01 05:30:00,ES,4489.85009993256,6415,0.00678299411192041,0.011043263560956591,0,-0.05081401976473109,-1.3192471945987674
2024-01-01 05:35:00,ES,4490.853632830452,4391,-0.0004802953071417669,0.0017246190165931127,1,-0.014778031881747153,-0.20298063739565708
2024-01-01 05:40:00,ES,4491.215268855499,6951,0.012986597341643355,0.014458012601709543,0,-0.04532484090230134,-0.8000385643976464
2024-01-01 05:45:00,ES,4490.570149100894,6468,0.001076798697266051,0.04583306606793587,1,0.14524675344707455,-0.0635245746153551
2024-01-01 05:50:00,ES,4490.931544706403,9007,0.008340857186083031,0.03050974237011355,0,0.032674476460232006,1.2374381346841392
2024-01-01 05:55:00,ES,4492.469581272869,7413,-0.004947033689177825,0.005171332548680189,1,0.030047435961082836,-0.45730165508679
2024-01-01 06:00:00,ES,4492.433755233758,7941,-0.007234368141068251,0.07458640509161793,2,0.0622207144043402,-0.04282338131157488
2024-01-01 06:05:00,ES,4493.998398889573,5820,0.00731145529257608,0.022013311787745113,0,-0.11388331177807692,0.058022734808395225
2024-01-01 06:10:00,ES,4491.378653785483,3898,0.004308402443337483,0.00020964897588377223,1,0.10391117874202688,0.8484308822052846
2024-01-01 06:15:00,ES,4492.200556289858,8546,0.0024330766412836574,0.0058985245535919965,2,-0.007576428653545989,-2.246889333984605
2024-01-01 06:20:00,ES,4492.287603358096,1077,-0.003436883479377835,0.006041389529262216,0,0.06704806172412126,-0.6067002947652967
2024-01-01 06:25:00,ES,4491.98859600763,8577,0.01549209476526304,0.0014353838584744106,0,-0.10718572330401555,0.21128369227947272
2024-01-01 06:30:00,ES,4492.080356784166,5227,-0.01116585804253847,0.06429096309308842,0,-0.15537587660160646,1.2000789564268612
2024-01-01 06:35:00,ES,4490.092787869565,1600,-0.011713430097309721,0.013011537616041832,1,0.08178896580250287,-0.49190244750620515
2024-01-01 06:40:00,ES,4489.873115981727,2065,0.00942166505163829,0.045231664988353376,1,0.037640952609751664,-1.876552706041874
2024-01-01 06:45:00,ES,4490.230228553239,3136,0.008600963841430697,0.007778517865110769,2,-0.09020515543575104,0.6197114459661363
2024-01-01 06:50:00,ES,4491.708122597981,7943,0.0035376277899186793,0.0026759673179246406,1,-0.08696630812746944,-0.6353623888256293
2024-01-01 06:55:00,ES,4491.189852379707,8804,-0.002879522219028064,0.01286186525408203,1,0.11254347844147694,-1.1896666590903613
2024-01-01 07:00:00,ES,4490.381358776814,7565,0.00502422129190412,0.0024197876911424736,0,-0.11894118928673279,-0.6243453897132241
2024-01-01 07:05:00,ES,4489.879601733229,6984,0.01720830297119534,0.013311243508334797,0,0.16426729532559636,-0.18452535765584954
2024-01-01 07:10:00,ES,4490.795003850932,6142,0.025155462078742252,0.050589006528525625,0,-0.09006207346478688,-0.6047446645382127
2024-01-01 07:15:00,ES,4491.123754960591,5670,-0.016564137054751564,0.014711415048173993,0,0.0638391925608383,-2.205566057099069
2024-01-01 07:20:00,ES,4490.593994756824,3190,-0.004189201192485466,0.019168298920741934,0,-0.03286184757489846,0.8970661968871322
2024-01-01 07:25:00,ES,4491.1072621899375,3712,-0.004817732629848396,0.003407190250896399,0,0.06031874310823431,1.2748750412787222
2024-01-01 07:30:00,ES,4491.204339739285,3192,0.01626519471699682,0.0008944172438971639,0,-0.05441140021141926,0.6515219913395057
2024-01-01 07:35:00,ES,4492.172984729818,2248,-0.024812949865652016,0.0023488410250091444,2,-0.01627929060722942,-1.1376856704248166
2024-01-01 07:40:00,ES,4491.470931635941,5033,0.005138351930655461,0.01825252785965508,2,0.004091917539572113,-0.20149153394751798
2024-01-01 07:45:00,ES,4491.143269489343,2997,-0.0025681030841903357,0.001996665248581724,2,-0.10021874557814728,-0.006521315229458062
2024-01-01 07:50:00,ES,4490.751161336211,4687,0.016381127495476405,0.009431870327056056,2,0.07408243454201259,0.5987943895619102
2024-01-01 07:55:00,ES,4489.287646388078,5018,0.015010388400044603,0.015974240584431473,0,-0.05132135664715853,0.6683404887180808
2024-01-01 08:00:00,ES,4489.583766665143,2970,0.003655067348266927,0.00984180460378062,2,-0.02285999153400186,-0.7341737987784958
2024-01-01 08:05:00,ES,4489.844821937323,9389,-0.015797230707117967,0.0035749701899052523,0,-0.09943493746085123,0.08199555641356042
2024-01-01 08:10:00,ES,4489.849935393966,6765,-0.005738894823351332,0.006398357004998922,2,-0.25623336587953105,0.4572804046152411
2024-01-01 08:15:00,ES,4489.6153482605905,2202,-0.004643910766137385,0.05271018183885232,1,-0.019102776260016902,1.4558223221467665
2024-01-01 08:20:00,ES,4488.19997751854,9135,-0.013264547944534648,0.02253914119411372,2,0.2412615421612916,0.7045065398247231
2024-01-01 08:25:00,ES,4487.779332195775,6567,0.011545842818593699,0.013705478668628326,2,0.07846042878980239,0.7890566873755189
2024-01-01 08:30:00,ES,4487.436617679248,8667,-0.01453426497274406,0.00025592832001372385,0,-0.001926037973439464,0.08382662792936094
2024-01-01 08:35:00,ES,4486.634340410026,6742,0.01965327508453712,0.09763270935538898,2,-0.026289082920826767,1.4104591452035038
2024-01-01 08:40:00,ES,4486.47305469836,6788,0.019628226340454583,0.022261625319504225,1,0.002246589281204638,0.4097627959594974
2024-01-01 08:45:00,ES,4486.877105555175,6408,-0.0038506026185950626,0.007622938453941289,0,0.054711911517521,-0.8610879101735704
2024-01-01 08:50:00,ES,4488.763291456386,9669,0.0032849537012981608,0.04228375065069347,0,-0.11808128153088449,1.4033699701251907
2024-01-01 08:55:00,ES,4488.937869269217,1922,-0.0007228347807042409,0.005979758071469305,2,0.11143216946688722,0.6979032725390276
2024-01-01 09:00:00,ES,4489.19541965994,1419,0.009018248003616903,0.015705976559712505,0,0.0715381315441244,-0.4430440211284823
2024-01-01 09:05:00,ES,4489.120973744174,3204,0.012746773385647591,0.020215916721916624,0,0.07181857257079345,-0.47949296739924335
2024-01-01 09:10:00,ES,4487.202202528875,2120,0.002579969921200662,0.004996511723370116,0,0.04384757388097273,0.2965755451407618
2024-01-01 09:15:00,ES,4487.175688653426,1950,0.004691167097810627,0.07669871981546243,0,0.0019616657693989903,0.4631847952675847
2024-01-01 09:20:00,ES,4487.235918863366,3336,-0.006206042639395163,0.0275817602649187,0,0.067286123596682,0.19729226563120644
2024-01-01 09:25:00,ES,4489.699160975852,6373,0.004367139668903384,0.016320458388871483,0,0.059181413374137806,0.3113086734428849
2024-01-01 09:30:00,ES,4489.5068000110705,3243,0.001627620789239809,0.0039835264295256315,1,-0.03540407109410238,1.6999573745763805
2024-01-01 09:35:00,ES,4489.808347353404,3645,-0.009117944887513569,0.001107256685358257,2,-0.0573601772896901,1.0715431522348857
2024-01-01 09:40:00,ES,4489.7736355837,5612,-0.00014037109343111224,0.007715009473693805,1,0.01018562952619867,0.19063559126502433
2024-01-01 09:45:00,ES,4488.604957546079,2865,-0.0038318251798607314,0.02798251350225219,0,0.15490201514951873,0.9413105807674833
2024-01-01 09:50:00,ES,4489.747780360594,7028,-0.006094955818180587,0.006275902688312661,0,-0.12391070756539009,-1.0325239035275395
2024-01-01 09:55:00,ES,4490.499713393281,8326,-0.01146491207599568,0.015511290330128371,2,-0.146752526575244,0.39792704994680894
2024-01-01 10:00:00,ES,4491.290745340325,7371,0.0006250273324947596,0.02603518056690684,1,0.016476084123651674,1.80930634973311
2024-01-01 10:05:00,ES,4490.38135788553,7359,-0.007804740063253436,0.0022845209644146926,2,0.005088770185601807,-0.21804589539237385
2024-01-01 10:10:00,ES,4491.784152196466,8863,-0.004711081723026994,0.02312258341765888,1,0.017334166437040822,-0.8476339286190848
2024-01-01 10:15:00,ES,4490.3823011336735,4228,0.01075124275217289,0.0019273743267508156,0,0.024395319790850026,-0.6520888885930607
2024-01-01 10:20:00,ES,4490.969158227474,4719,0.006321161012683779,0.06712242046107368,2,-0.022320225463480513,-1.0896330373423884
2024-01-01 10:25:00,ES,4493.159613853284,3371,-0.009787666478612535,0.013404014713250874,2,0.14898634386020823,-0.7847619081277034
2024-01-01 10:30:00,ES,4492.169077528153,3891,0.003518910679064361,0.003266293336958603,0,-0.16009039784765156,-0.370508098590029
2024-01-01 10:35:00,ES,4491.602779798551,4756,0.0013278069826415523,0.008382671023451351,2,-0.0828497024780246,-1.405567019178642
2024-01-01 10:40:00,ES,4491.702431163638,5225,0.017016962085334607,0.010668803291799913,1,-0.010325476014904739,0.015618333949603047
2024-01-01 10:45:00,ES,4491.1989555095215,1094,0.013831450008722745,0.02839164707583798,1,-0.16431888111541673,0.9022771737866472
2024-01-01 10:50:00,ES,4489.648292078456,3674,-0.015337487257098362,0.027206590564003263,1,-0.017585440443207118,-0.9077561801469204
2024-01-01 10:55:00,ES,4489.7168550532615,7898,0.00861127668958601,0.018931932287085736,1,0.16614701657280184,1.5192839236417688
2024-01-01 11:00:00,ES,4488.654551339536,1793,0.01265197251623699,0.0022394400816162434,0,0.002088648829596179,0.5107920885275947
2024-01-01 11:05:00,ES,4489.128143770171,3116,0.005593592087283311,0.0032873391112288055,2,0.02307009057186835,1.0305805856240573
2024-01-01 11:10:00,ES,4488.208719535937,6779,-0.0033541214369419083,0.0019689541883363723,1,-0.12601647651725803,-0.6578345538521371
2024-01-01 11:15:00,ES,4489.758653940955,7166,0.024133939151171364,0.017215833090237505,0,-0.06163614080394775,0.8545252270666157
2024-01-01 11:20:00,ES,4488.975400648618,1814,0.006514092809270225,0.04193394196499038,2,-0.0375196380323937,-1.091933900395313
2024-01-01 11:25:00,ES,4488.653339132413,1345,0.019765442737282278,0.01137617622057646,2,-0.03177150967562341,0.8902475008365087
2024-01-01 11:30:00,ES,4489.466856349783,9554,0.013514784294735072,0.0035072725633704636,0,0.12816437950037687,0.17183933979353122
2024-01-01 11:35:00,ES,4488.235992033348,3443,0.004641346602233038,0.016330823194902696,0,0.05576910607251245,0.5532512199847837
2024-01-01 11:40:00,ES,4488.463451967952,8783,-0.005797009114736275,0.03339992377101087,1,-0.1111457956937032,-1.1755946056248516
2024-01-01 11:45:00,ES,4489.770594722235,1984,-0.00024104878152501335,0.02707360551446705,2,0.02465047784320049,-0.8950698422766047
2024-01-01 11:50:00,ES,4488.163111487674,8790,-0.002219124527935532,0.04264854086506781,2,0.04982217484967852,0.5972282182533848
2024-01-01 11:55:00,ES,4488.347745346206,1827,-0.0121451895564927,0.006511890998075523,0,0.11401490385212665,-0.9483480042242007
2024-01-01 12:00:00,ES,4488.607628140455,4531,0.00650281574959703,0.004312286029459699,2,0.15805406865683735,0.46320629209912306
2024-01-01 12:05:00,ES,4489.389451012232,8147,0.01567353001959409,0.04237470841093186,1,-0.10150941918278687,-1.3671378064602457
2024-01-01 12:10:00,ES,4488.152500301354,5451,-0.002983034945514468,0.02143319464977566,2,-0.08108575112103383,0.8481742126666681
2024-01-01 12:15:00,ES,4486.83204368827,4876,0.02163656499224737,0.00744821727613934,0,-0.12575778589146164,-1.232523314768509
2024-01-01 12:20:00,ES,4487.353985253886,6959,-0.015575827858617337,0.027122912761036323,0,-0.02340198591069814,0.5522999376795232
2024-01-01 12:25:00,ES,4487.650969927119,1126,0.010543635483872035,0.033760791496952235,1,0.046635837444633454,0.6256309336460009
2024-01-01 12:30:00,ES,4487.901462777465,4177,0.0167152023540541,0.01908910855394014,1,0.09873345165891019,-0.6967718184295749
2024-01-01 12:35:00,ES,4488.247910986962,9795,-0.002040305809810606,0.02328761434895668,2,-0.007595102364252277,0.5820265670847269
2024-01-01 12:40:00,ES,4487.567886265384,7024,-0.001860565051428809,0.00940839125684777,2,-0.031984752325484395,0.26044226333355597
2024-01-01 12:45:00,ES,4487.800139962545,6109,0.010427651758444012,0.01547394592372756,0,0.015175799224874038,-0.5388418561927383
2024-01-01 12:50:00,ES,4488.093212435843,5146,0.005059911099595345,0.014853437459082727,1,-0.08351429016300231,-1.008554684076208
2024-01-01 12:55:00,ES,4487.378861017817,8196,-0.01997411343459507,0.03768378445817501,1,0.20895387216947736,-1.962625691672579
2024-01-01 13:00:00,ES,4489.244635528962,4368,-0.008433731545393808,0.03664712731696769,1,-0.16076610271180589,0.3496500472996937
2024-01-01 13:05:00,ES,4489.718468449873,4797,-0.00013549548047459738,0.03575699874996789,2,0.018474057889572446,-1.5648027713620551
2024-01-01 13:10:00,ES,4488.527164952671,2792,-0.01369698179685067,0.0002218582751514014,1,0.20236062192296395,0.0953441994413082
2024-01-01 13:15:00,ES,4489.183718561305,6732,-0.004741743164299037,0.02768955899340009,0,0.0006799844559997769,-0.2634482160822491
2024-01-01 13:20:00,ES,4488.209036891078,4476,-0.013446854252439341,0.028432329331828567,0,-0.01900390350014945,0.6791427754381955
2024-01-01 13:25:00,ES,4488.99612149482,4417,-0.0037017063055339032,0.022687617890285422,2,-0.03574454228104272,-0.3020454994898642
2024-01-01 13:30:00,ES,4490.154717073828,2645,-0.0033662272732116077,0.028233446117033024,2,-0.018039168176240784,-0.3294477863470914
2024-01-01 13:35:00,ES,4489.334034755476,4030,0.0035175467659371348,0.036899454827250516,1,0.13728484746765302,0.7318707042882956
2024-01-01 13:40:00,ES,4490.29741088472,3872,-0.0009175932399950061,0.0127096088515063,2,-0.22118619113295068,0.3350580290841175
2024-01-01 13:45:00,ES,4490.710191811657,4072,0.005027897210407562,0.01394512074678574,0,0.15334337012963256,0.3161559571827783
2024-01-01 13:50:00,ES,4491.532251971651,2854,0.0038354400747392155,0.002664093078163263,1,-0.14239571524501451,0.46926758980852623
2024-01-01 13:55:00,ES,4493.429044954305,5021,0.010313399942643105,0.009734887799529732,0,-0.02666523292344148,-1.5355721232071058
2024-01-01 14:00:00,ES,4493.183656838302,5662,0.008737830409601159,0.020620858673062594,1,-0.042924442029866186,0.756788679986982
2024-01-01 14:05:00,ES,4492.429920673944,7514,0.007681238351347167,0.030318930999630005,2,0.05885532697707198,0.6124687940136023
2024-01-01 14:10:00,ES,4491.5404062443195,6031,0.03104867428466722,0.00489779331028959,1,-0.15981243518837476,-1.0166831285764972
2024-01-01 14:15:00,ES,4490.724595959354,3708,0.003474026366423288,0.002965891520190918,1,0.046217266608194287,-0.2440804736742013
2024-01-01 14:20:00,ES,4490.64749424994,8112,0.025935715038588616,0.021755939976659682,0,0.20243096232868527,-0.039307287627631186
2024-01-01 14:25:00,ES,4490.988646224756,9393,0.004122184022439334,3.7633054471004086e-05,0,-0.13631740045928106,-0.1344967844017327
2024-01-01 14:30:00,ES,4491.265337024086,4507,-0.0008285091480589194,0.003929365045250907,1,0.018970616761039567,0.33385996656853467
2024-01-01 14:35:00,ES,4492.092520273122,7456,-0.0037316518221319705,0.0005900465118130564,2,-0.06619821777966091,1.4313667818311835
2024-01-01 14:40:00,ES,4492.105522165,5212,0.015097257984484294,0.003651674651697382,2,0.04258872061930358,1.0817667276728287
2024-01-01 14:45:00,ES,4493.559056242158,8970,0.01640503392887938,0.004001222246315554,0,0.001914777741575206,-1.3122191934314063
2024-01-01 14:50:00,ES,4493.294399408919,9766,0.0059978385596472904,0.009809795934698747,2,-0.06414869090443097,0.6220699903060487
2024-01-01 14:55:00,ES,4496.014568575509,1536,0.011335467745027058,0.010294234119122152,0,0.0487872284871074,1.3289333195354096
2024-01-01 15:00:00,ES,4496.640235923274,2625,-0.012772204659230832,0.041471172895653406,2,0.1804348109786743,0.38680852068920263
2024-01-01 15:05:00,ES,4495.783078366858,8973,-0.015487798225122118,0.014271476320126477,1,-0.01909037917272987,1.090980425185967
2024-01-01 15:10:00,ES,4494.712185868797,9577,0.012463268857974536,0.02570400178312364,0,0.07197579421481819,2.012270445700765
2024-01-01 15:15:00,ES,4495.19465828404,9070,-0.0012681149790302183,0.002199363580187303,0,-0.12932729578711638,1.0237095461069814
2024-01-01 15:20:00,ES,4494.971195498714,9666,0.00749302417397503,0.005109170920530345,1,-0.09564363768180088,0.24930859564172886
2024-01-01 15:25:00,ES,4495.685195992806,9609,-0.007172879499560782,0.024276654477890784,0,0.04724062778803774,1.0450884740847535
2024-01-01 15:30:00,ES,4496.15843361738,7490,0.016569884697047753,0.0010849839219805165,2,0.1484116028535965,0.14488783309689118
2024-01-01 15:35:00,ES,4496.085604704723,4600,-0.015404186718890362,0.013333909141524285,2,0.035561334878566,0.02390304328495547
2024-01-01 15:40:00,ES,4495.238810986654,7783,-0.013855850864826887,0.01829428778225657,0,-0.03130580305231544,-0.35141423571373254
2024-01-01 15:45:00,ES,4493.723963761969,5971,0.014443115837123448,0.01843338561000745,2,-7.085945766459172e-05,1.5634133588321082
2024-01-01 15:50:00,ES,4493.277448809901,2205,-0.026098417929829004,0.0004639971770314232,0,-0.12504077339697175,-0.8184286659420014
2024-01-01 15:55:00,ES,4494.133847604225,2990,0.003785688680949161,0.00777534604008388,1,0.06045153263553668,1.532367724678116
2024-01-01 16:00:00,ES,4494.347941348356,6299,-0.001073259955965767,0.020239005261594976,0,0.08823330623234092,0.49986412374037137
2024-01-01 16:05:00,ES,4493.102202569643,4572,-0.007359519192000298,0.003226856807218369,1,-0.04520903328330804,-1.3993061748019415
2024-01-01 16:10:00,ES,4493.275383495495,6975,-0.001999398485903688,0.023776144264185183,2,-0.047004214775950154,0.3676492929914216
2024-01-01 16:15:00,ES,4493.6607008752235,7320,-0.008475234930898102,0.027402532036341017,1,0.02658782296520485,-2.100026507651624
2024-01-01 16:20:00,ES,4492.776843439022,5380,0.015422559460484993,0.0803134668478944,2,-0.043671973604059555,0.6255080168310357
2024-01-01 16:25:00,ES,4492.930568544967,5757,0.018044970883616097,0.0047104469401766285,0,-0.0066132614625822456,0.885231482988991
2024-01-01 16:30:00,ES,4492.988777263414,3713,-0.006857375867883446,0.03487432512670167,2,0.20997217891665154,-0.5923559556520536
2024-01-01 16:35:00,ES,4491.845806965583,6588,0.002755248774685312,0.014691744692403674,0,-0.024702570074599667,0.12354769595558233
2024-01-01 16:40:00,ES,4492.203594325932,1966,-0.013250764709360471,0.00935093607091511,0,-0.035834015202122226,1.9541574337502863
2024-01-01 16:45:00,ES,4492.764378852299,5944,0.010730521590031268,0.002610757720225344,1,-0.06475418056351592,-0.5057467042619367
2024-01-01 16:50:00,ES,4493.847430095475,4432,0.010470091746433144,0.026598704489173397,1,0.07441919714999368,-1.0589075870566005
2024-01-01 16:55:00,ES,4494.901232147509,1688,-0.0029526223270768966,0.005380022372568437,1,-0.0181224173218103,1.4816634024625988
2024-01-01 17:00:00,ES,4493.523562779553,5243,0.0001688505841989535,0.00928590313240212,1,-0.0649373038321426,1.9625871905307948
2024-01-01 17:05:00,ES,4492.585737739638,4701,-0.0009376544952267094,0.0012916712835170652,2,0.1321304032273012,0.0036956718478473255
2024-01-01 17:10:00,ES,4493.100773006846,9533,-0.016184578336802757,0.0323259190846731,2,0.14196030045136374,1.0114630354083562
2024-01-01 17:15:00,ES,4493.614558957758,6182,0.01546004147600127,0.02909904782816056,2,-0.06004235657387052,1.341475915530881
2024-01-01 17:20:00,ES,4494.129606644065,7704,-0.007669532388824308,0.026456315283244342,0,-0.18665399513606162,-0.742484232538384
2024-01-01 17:25:00,ES,4497.982338134719,5422,-0.007601492722579212,0.007117605495206978,2,0.10075136898369222,-0.4853058353678683
2024-01-01 17:30:00,ES,4498.553228645413,2759,-0.00150419854461833,0.0038106250688106098,2,-0.0684629825760004,1.230874513154735
2024-01-01 17:35:00,ES,4499.688794285593,3482,0.009955485853622787,0.02029755503906455,2,0.07906255991627686,1.6850142787085094
2024-01-01 17:40:00,ES,4500.642796049086,9058,-0.005913032150920309,0.013710183852470399,1,-0.19701038177118357,0.5628808601743548
2024-01-01 17:45:00,ES,4501.294187300392,1951,-0.019521852214034442,0.003926441369117454,2,0.08925973382993092,-0.8798143535020543
2024-01-01 17:50:00,ES,4500.978918055752,9914,-0.00886998060729534,0.0231615951343344,0,-0.12111719292807813,1.9870611116994412
2024-01-01 17:55:00,ES,4501.737887276245,3079,0.0042414041907899045,0.09449356577227878,1,0.07307641190665246,-0.5309708978119645
2024-01-01 18:00:00,ES,4500.965062061708,3717,0.02189750287809187,0.027504682057364085,0,0.0014273067836434107,-0.33513778117145177
2024-01-01 18:05:00,ES,4500.728243454967,5524,-0.012599199663731558,0.026940425808715914,2,-0.0953939419396645,0.34233783448962146
2024-01-01 18:10:00,ES,4500.242879907139,9477,-0.01296501767480829,0.06004013954015091,1,-0.04070363129267805,1.5541604207147741
2024-01-01 18:15:00,ES,4500.3247540465245,8311,-0.01512595500838816,0.004536415268956915,0,0.06863184569567009,0.8539759765522237
2024-01-01 18:20:00,ES,4502.639412613198,8186,-0.01636724991299341,0.016673486699089406,2,0.010589445311523425,0.41486550036191044
2024-01-01 18:25:00,ES,4500.772147420606,3065,0.012056914600814303,0.07789025913448995,0,0.05844129804724843,0.4632885301181062
2024-01-01 18:30:00,ES,4501.45840761098,1768,0.014946885753643797,0.003613516897703573,0,0.19764405845154856,0.04351466864346608
2024-01-01 18:35:00,ES,4499.845691739791,6490,0.001777558935804024,0.02409626044050114,0,-0.15642416117110514,0.5581395145185063
2024-01-01 18:40:00,ES,4499.373759874002,7645,-0.004677127721408569,0.017628616513313523,2,0.1617212574968624,-2.529560077694303
2024-01-01 18:45:00,ES,4500.462710470969,6083,0.01791143786862626,0.017660944055411125,2,0.010435593752321294,-0.29660745906979835
2024-01-01 18:50:00,ES,4500.526990490064,6232,0.0017390804165650473,0.023924764371387155,0,-0.08987840483231282,0.241321934916781
2024-01-01 18:55:00,ES,4499.449245712135,6797,0.010894367093604343,0.05307604852942688,1,-0.133031362573899,-1.151014083619507
2024-01-01 19:00:00,ES,4498.733942002875,5926,-0.005164489417218156,0.030518664687690353,1,-0.01891203907770335,0.38632331781156
2024-01-01 19:05:00,ES,4499.41353975181,7016,0.0004424385422377376,0.0011554660115773872,2,0.09216501119244594,-0.20447122098612153
2024-01-01 19:10:00,ES,4498.683173120093,4335,-0.012373416454470463,0.0383094839359417,2,-0.012754912037753422,1.75547569831549
2024-01-01 19:15:00,ES,4498.899631709674,9038,0.006292489718935848,0.005111819678269899,2,0.15111549302473476,1.5730197252148563
2024-01-01 19:20:00,ES,4498.945203549579,5873,0.0019093775077331575,0.009461419847518228,2,-0.1451175690051559,-0.46580556911816284
2024-01-01 19:25:00,ES,4498.2936032019725,2481,-0.008945632324137842,0.01238800426252879,2,-0.0012088947846054562,-0.15083771156669531
2024-01-01 19:30:00,ES,4500.437547291298,7305,-0.008811071495264614,0.013113405922661373,1,-0.1252393444413119,-0.0739475656083926
2024-01-01 19:35:00,ES,4501.071466313616,4451,0.016159585033387436,0.011424977790745514,2,0.036363188262496786,-0.4516594761596227
2024-01-01 19:40:00,ES,4499.046323726959,1054,0.019716687504618163,0.05540488360562625,0,0.08868873900973004,0.19502498402812674
2024-01-01 19:45:00,ES,4499.232778041728,8643,-0.0021313533666732125,0.024484803313038636,0,-0.04207617936810533,-0.7582820688875902
2024-01-01 19:50:00,ES,4498.570991576959,4462,0.0006775357276216261,0.019948423941484113,1,-0.26042138566271344,-1.1306153349375263
2024-01-01 19:55:00,ES,4499.423424911755,1832,0.00400114474648217,0.001022540433347068,0,0.019894814679649455,0.6227112239002686
2024-01-01 20:00:00,ES,4498.630904173323,6954,0.0014803175815968717,0.04685009370028353,1,0.043673855173350956,0.6295295842218108
2024-01-01 20:05:00,ES,4498.5161677318565,9519,-0.016742977205386304,0.04802385631628985,1,0.040429475496169764,-0.8043157596599924
2024-01-01 20:10:00,ES,4499.021155010837,8221,0.0042787067719038605,0.030301933440736287,0,0.12357821918221541,0.8953554307625996
2024-01-01 20:15:00,ES,4499.886910205007,4310,-0.02087889034600609,0.00014108050101652994,2,-0.10710536796490489,-0.6315777291653314
2024-01-01 20:20:00,ES,4498.6866137979505,4300,-0.0073268419125761906,0.0011797246296230029,0,0.06802161054504495,0.2531652380379812
2024-01-01 20:25:00,ES,4498.35211256211,7722,0.005054271466248177,0.005103618787680833,0,0.11925075124779749,0.820344012612456
2024-01-01 20:30:00,ES,4497.877167250949,8218,0.005999942079248373,0.00281628630583964,1,-0.17785875840065168,-0.03361256470371301
2024-01-01 20:35:00,ES,4497.223838018375,8776,-0.0081007308420949,0.01017775105092185,0,0.03196518259189773,0.4547409121411344
2024-01-01 20:40:00,ES,4498.989292258656,4675,-0.004584369401869176,0.05118132901761739,1,-0.05041798310076715,-0.5164296438875717
2024-01-01 20:45:00,ES,4499.394273969618,4054,-0.0059383650899845365,0.012775469210664189,2,-0.00815226731016459,-0.19646658342809717
2024-01-01 20:50:00,ES,4498.133390015282,8970,-0.0010284416313607,0.00026986504580813343,2,0.034767648353833634,-0.20585943088034037
2024-01-01 20:55:00,ES,4499.051251962337,3143,-0.00026794346635663536,0.006646496289780676,2,-0.048722856411355236,-0.7465783465402389
2024-01-01 21:00:00,ES,4501.1734081593495,6207,0.006684681295291105,0.0009123969745202559,0,-0.06757080791616119,-0.1767741631157821
2024-01-01 21:05:00,ES,4502.205873419901,3538,-0.005168968628897835,0.0007392478519570042,1,0.00341524174880246,-1.5486182988637467
2024-01-01 21:10:00,ES,4500.686503453947,5547,0.0037339619191355516,0.006451540364029238,2,-0.10872459388628027,-0.4911537471421047
2024-01-01 21:15:00,ES,4500.20226938108,6619,0.005070157644871914,0.006448571721633962,1,-0.10858251288851856,-0.28487549336967083
2024-01-01 21:20:00,ES,4501.469180530267,9356,0.0019828937737186533,0.030941153367937457,1,0.06793732829565034,-0.2561797524953801
2024-01-01 21:25:00,ES,4500.761511064648,7612,-0.002596058224494745,0.07364574682316474,2,-0.11487940351586562,-0.24149744587077882
2024-01-01 21:30:00,ES,4501.205330492795,6005,0.001806454642754404,0.0092790663912491,2,0.06663125009092119,-0.061764199860128925
2024-01-01 21:35:00,ES,4501.9799645462235,1822,0.007517402733935762,0.011203359567426421,1,0.04625912928539512,0.4794415180860639
2024-01-01 21:40:00,ES,4501.053034074646,1943,0.008391848677163123,0.037259452167639186,2,-0.17258067287905968,0.8745170741325226
2024-01-01 21:45:00,ES,4500.993508718584,7150,0.01815372684826906,0.006243294024416665,1,-0.06775646523356552,-0.6497652268482671
2024-01-01 21:50:00,ES,4497.7522413785155,5425,-0.009900262363062616,0.0034011052324833856,1,0.11941094030473726,-1.2032008553891445
2024-01-01 21:55:00,ES,4496.72785373718,9966,-0.004400073909954025,0.03835865122307399,2,-0.09811655311396816,-1.042044412243103
2024-01-01 22:00:00,ES,4496.475285585788,3198,-0.01613468660268402,0.0009523293796249982,0,-0.04644042623093877,-0.48720292119492714
2024-01-01 22:05:00,ES,4495.227502403823,5242,0.00931009464327855,0.019335867841033545,2,0.04620608932518965,-0.3519213178165091
2024-01-01 22:10:00,ES,4496.8599137077545,4695,-0.003345075063567468,0.016510400775091284,0,0.07833905092825955,-0.7699960661974573
2024-01-01 22:15:00,ES,4495.429772329794,4452,0.002061909820293266,0.00849052590033611,1,-0.025153888604449573,-1.2961166642498945
2024-01-01 22:20:00,ES,4494.989727843097,2308,-0.006043385694466398,0.0075722630427163045,1,-0.05975101946916416,-0.4561208274741882
2024-01-01 22:25:00,ES,4495.120468420383,5177,-0.0032670399497782532,0.029555716733287447,0,0.14223698616985078,0.18142662011397137
2024-01-01 22:30:00,ES,4496.561741709449,9705,0.012231901054266582,0.0018077875733687183,1,0.1738899663797579,0.5950294658355647
2024-01-01 22:35:00,ES,4495.12587955827,7852,0.006942334104859834,0.005404291999620436,0,0.09788580507817955,-0.5574230531083212
2024-01-01 22:40:00,ES,4496.289043310425,7035,-0.0011152205765894566,0.02636888148659666,0,0.008531814256502407,-0.41299782214343406
2024-01-01 22:45:00,ES,4496.299276371444,4594,0.00767813919476397,0.015895652136457394,1,-0.08082657216409264,-0.9266983088473107
2024-01-01 22:50:00,ES,4495.317767720396,5841,0.00789900080037874,0.002739046656814288,0,-0.08304444065565653,-0.03143917037477642
2024-01-01 22:55:00,ES,4495.77987119466,2409,-0.0039142551668673526,0.04276441178029129,2,0.05225141052657575,-0.8484286341908146
2024-01-01 23:00:00,ES,4495.978930890233,5566,-0.014690795606362083,0.009999291269366137,2,0.04183982208886838,0.5731278132412001
2024-01-01 23:05:00,ES,4495.378714013074,5491,-0.008991616270020392,0.035189916701516444,1,0.14015985929464295,-1.7858664919341112
2024-01-01 23:10:00,ES,4495.448516098064,2555,-0.01340528603382517,0.030996324387907715,1,0.06504500925361392,-0.3596296724524624
2024-01-01 23:15:00,ES,4495.063202501202,1804,0.011644346459929072,0.019585965656057053,0,-0.15030803017598182,0.3011073391917421
2024-01-01 23:20:00,ES,4495.176719846453,2279,0.013381152164476811,0.01364339828806777,0,0.10519476177229187,0.18383451632250436
2024-01-01 23:25:00,ES,4495.838850520975,8083,0.015863738801590165,0.07779626983600332,0,-0.0998060627314413,2.6930336639804966
2024-01-01 23:30:00,ES,4497.42486733712,6986,-0.020195555489771685,0.003132259197239982,0,-0.038397127195235164,0.34980002456790754
2024-01-01 23:35:00,ES,4496.187051838293,6619,0.010714009103737215,0.025831012474356606,2,0.025020020625169448,-1.0040545968420103
2024-01-01 23:40:00,ES,4498.320085212949,2387,0.022121913093846854,0.004243842292734121,2,0.19956674897839644,-0.09546424708907303
2024-01-01 23:45:00,ES,4496.367997413427,3679,0.011119877138106448,0.008257744842488916,1,0.3109918556005361,-1.7762463334664518
2024-01-01 23:50:00,ES,4496.216212318392,3106,-0.021512296178706695,0.007383591565181855,0,0.060672305913618274,-0.08059974929676088
2024-01-01 23:55:00,ES,4496.804529524876,9173,0.017682983083967718,0.05876285220005115,0,-0.018319661872038786,-0.8330560570007587
2024-01-02 00:00:00,ES,4497.085521392611,5223,0.0004168903713194141,0.06844199307334484,1,0.05345056484805503,0.9153902755601617
2024-01-02 00:05:00,ES,4496.46282187279,5831,-0.0023239910650047157,0.004042701757857732,0,0.08876554258738362,-0.5495402745955349
2024-01-02 00:10:00,ES,4496.254699622433,3768,0.004510952965829783,0.0004456312163604477,0,-0.03206676255571917,-0.11676591579524663
2024-01-02 00:15:00,ES,4495.761698687774,4186,-0.010490069225704864,0.025459887786153254,0,0.17952113559123223,-0.6355578414044034
2024-01-02 00:20:00,ES,4495.17233393083,3573,2.782370921578945e-05,0.01082535071290175,0,0.02300707591914021,1.7388513518533313
2024-01-02 00:25:00,ES,4496.021936027851,3599,0.016204296451040736,0.0018607406990628706,0,0.04977430890913943,-0.3212427661179117
2024-01-02 00:30:00,ES,4496.378951513816,5033,0.006223968705232881,0.023024704421729388,1,0.06659242520544614,1.8325570434792018
2024-01-02 00:35:00,ES,4495.686041918555,9428,0.0005840147210266806,0.015753796343489217,0,0.04215866106144557,0.8141517621182666
2024-01-02 00:40:00,ES,4496.5856417939885,2304,0.0008960815992760874,0.0787640770489379,1,0.08389405004696122,0.48206672733538614
2024-01-02 00:45:00,ES,4496.892941314865,8368,-0.011813939832988014,0.005160122392232755,0,-0.06172531865469232,0.3687331473175197
2024-01-02 00:50:00,ES,4497.705803433704,6877,-0.0014998789139972547,0.010349549846965152,2,-0.055830175394603054,0.39379729821625153
2024-01-02 00:55:00,ES,4498.335432275628,2301,-0.016342953356297672,0.01564157031979761,2,-0.1100154232971695,-1.92767257934561
2024-01-02 01:00:00,ES,4497.506437264706,3541,0.010224409523938105,0.03137551750564862,2,0.043950123062022645,-0.2788833941507565
2024-01-02 01:05:00,ES,4496.946256224509,3051,-0.021857104824753427,0.015918605156467418,2,0.07789365035121142,0.8451579711843216
2024-01-02 01:10:00,ES,4497.6935498296325,7809,0.0085490037962071,0.01898145273910387,1,0.04577728661518858,-0.04889718347410554
2024-01-02 01:15:00,ES,4498.303920095065,9633,0.009794109008340617,0.005127468251538443,1,0.16744924333475375,-1.405189846803575
2024-01-02 01:20:00,ES,4498.283018501102,9996,0.013187646157271943,0.03753572619313915,0,-0.0005596018829046555,-0.05240445057746945
2024-01-02 01:25:00,ES,4498.40034588441,1074,0.0008685916316180281,0.011194385009716408,2,0.06687416555925127,1.7041055162554912
2024-01-02 01:30:00,ES,4499.678010780199,7981,0.009166284661575291,0.0030387871741946655,1,-0.10917008761393143,1.2468917155347194
2024-01-02 01:35:00,ES,4499.086439391363,6475,-0.0015974664036521617,0.021824070896594754,0,-0.038709970247440106,-0.062004009366031745
2024-01-02 01:40:00,ES,4499.633536772532,9232,-0.011866971176879335,0.00486923278497336,0,0.06955377575657776,0.9514492770580866
2024-01-02 01:45:00,ES,4499.431344120099,8184,0.015307323925379951,0.0020531170919393903,1,0.0849102110743144,-0.36650702036805183
2024-01-02 01:50:00,ES,4499.213662916872,6796,-0.0009688582961507467,0.039608134633775584,2,-0.029396694766418225,-1.703871586826719
2024-01-02 01:55:00,ES,4500.312439768859,8141,-0.014095113174731944,0.01232973348746656,0,-0.0071599251858066836,-0.9244659881295544
2024-01-02 02:00:00,ES,4501.137856117847,2622,-0.00466814945789782,0.027668666172394857,2,-0.15178737466808095,1.5628887685081978
2024-01-02 02:05:00,ES,4501.951365753847,9041,-0.004273246825681713,0.006866364011550671,2,-0.03570292008066094,-0.2739930818293042
2024-01-02 02:10:00,ES,4503.256844561002,1341,0.0046169691812421206,0.03092645822894597,2,0.08903831635197862,-0.24338397937501807
2024-01-02 02:15:00,ES,4503.277848402635,3074,0.02347047483372731,0.0023742276867585324,0,0.05752050161065663,-0.29983819627488056
2024-01-02 02:20:00,ES,4503.95980137393,8992,0.005224186132825649,0.008800304173868349,2,0.05006657213812097,1.904136589573007
2024-01-02 02:25:00,ES,4503.649534617336,1645,0.002068438519965253,0.07639053377427114,0,0.004977368718096008,1.6259589153620633
2024-01-02 02:30:00,ES,4503.973700969825,5263,0.02455776199562555,0.0315965838178977,2,0.0007063158628176452,2.218780233448134
2024-01-02 02:35:00,ES,4503.843557915457,9801,0.009788935399127254,0.013753480923033648,0,-0.0660321139473447,-0.1590452104000513
2024-01-02 02:40:00,ES,4503.940553880449,7136,0.002542492041349285,0.008303566729772028,2,0.06988284202025348,0.29562448874709507
2024-01-02 02:45:00,ES,4504.535710905887,9646,-0.00479411858818095,0.04113571467702877,1,0.04209729443893898,-1.5166425494207911
2024-01-02 02:50:00,ES,4503.717490222653,3969,0.003162000762045609,0.01574246641154207,2,0.04920188479927993,1.4769344261182744
2024-01-02 02:55:00,ES,4505.809877498338,4028,-0.0006639040409313654,0.028411507381319482,2,-0.05260348426675804,-1.167779551267935
2024-01-02 03:00:00,ES,4504.803860116839,8643,0.0009143412755899637,0.02805723127483446,0,-0.21533429198712445,0.2167755637626291
2024-01-02 03:05:00,ES,4503.589671504051,3681,0.013144024247694728,0.00036217310035158097,0,0.10971527117536957,-1.097302527632844
2024-01-02 03:10:00,ES,4504.747782377551,4629,-0.005403221831374882,0.002699306296397409,2,-0.04788374560084042,-0.5888668267386961
2024-01-02 03:15:00,ES,4505.539445071514,5225,0.005135407081635137,0.0215544031251847,1,-0.08627757640431206,-0.8372624310497003
2024-01-02 03:20:00,ES,4506.163564888566,4067,0.00948939989837594,0.003525671911359291,1,0.06934789119139938,-0.6078752606758179
2024-01-02 03:25:00,ES,4506.79191039783,6941,-0.006621125168244095,0.005900669751005705,0,-0.03920126399191296,-0.5391227031489786
2024-01-02 03:30:00,ES,4506.779663624983,2386,-0.008226214154891009,0.0586131107704428,1,0.1059936384046622,-0.5482687949250771
2024-01-02 03:35:00,ES,4505.882409253498,3866,-0.0015034192258090357,0.01642789722926921,2,0.061700594957669753,0.8333339117803071
2024-01-02 03:40:00,ES,4505.958213811691,5788,-0.004616295902564609,0.02778433309722742,0,0.06835693232004776,-1.10486279306252
2024-01-02 03:45:00,ES,4505.281052100179,6490,0.011523326087415041,0.016328036408781298,2,-0.13659557112005344,0.22054142701386686
2024-01-02 03:50:00,ES,4506.256171833597,5124,-0.010017682785646546,0.01608218331651049,0,0.12119439853864006,1.2179591523055584
2024-01-02 03:55:00,ES,4506.109114452095,9340,0.0006847136852867004,0.001977673164359308,0,0.026125053123385606,-0.513196364513396
2024-01-02 04:00:00,ES,4505.2836172553025,4850,0.02546048333404475,0.008421623917905432,0,-0.03692771392462032,-0.7179188907476018
2024-01-02 04:05:00,ES,4504.9622314136495,6415,0.004130565337861825,0.006637720550697345,0,0.014338846734225108,-0.23052462518025083
2024-01-02 04:10:00,ES,4505.375162867925,8679,0.005792901443048852,0.009909821544808363,1,-0.177623523289832,1.1797252083607102
2024-01-02 04:15:00,ES,4504.811438315121,7819,0.011606824956971252,0.03202385873947663,2,0.04086528114806709,0.1941076309533577
2024-01-02 04:20:00,ES,4503.989217919555,9378,-0.004629490654253594,0.009302158031366938,2,-0.10293715081820716,-0.5312142946075985
2024-01-02 04:25:00,ES,4504.232905131046,2333,-0.01081419628745404,0.012018537908860476,2,-0.13526702858435344,0.48387665118803974
2024-01-02 04:30:00,ES,4504.477871702155,5150,0.0017651127616274478,0.010129415414542502,0,-0.15223591862178912,-1.1022921498364233
2024-01-02 04:35:00,ES,4503.9709285267845,7766,0.0026540382834853733,0.0019612546756084836,1,0.11126883749899252,0.681359510442948
2024-01-02 04:40:00,ES,4503.4998902211655,3711,-0.016182107947131614,0.011634697973730075,2,-0.06292633936927887,0.4086073077017676
2024-01-02 04:45:00,ES,4503.731940158524,5853,0.0037507191468277774,0.004353402981045373,1,0.15337277099164992,-0.3078084711388841
2024-01-02 04:50:00,ES,4502.283855817026,7212,0.010698504987010391,0.00413367755474918,0,-0.05358014630522978,-0.838585798447231
2024-01-02 04:55:00,ES,4500.87639204265,8479,-0.009129480730240093,0.001975116482043044,2,-0.17073579575929468,-0.8866809222834573
2024-01-02 05:00:00,ES,4500.157947821397,6408,0.004355558483748133,0.008821979626617562,1,-0.11165244399486592,0.5348173363459102
2024-01-02 05:05:00,ES,4499.944500669685,8715,0.00892263660370134,0.028333577389906744,0,0.12358116200069387,1.2289805024890619
2024-01-02 05:10:00,ES,4500.2554082352835,9942,0.005866782085300805,0.0064714828526266375,1,-0.015589817793666753,-0.6373077470287948
2024-01-02 05:15:00,ES,4501.7307644522325,2762,0.0068100623874155705,0.007489479707177771,2,-0.0548287296490601,0.45838670355148425
2024-01-02 05:20:00,ES,4502.588424075435,8101,-0.0024480024180630116,0.020582171783175954,2,0.01600182258527877,-2.0870270186020687
2024-01-02 05:25:00,ES,4502.428485545472,8674,-0.011275043377405961,0.004359160702131545,0,0.050178273616754504,-0.5846177306571996
2024-01-02 05:30:00,ES,4502.409469337569,7122,-0.00447146462383913,0.045452358633049424,0,0.11173988159024609,-0.031058932870901952
2024-01-02 05:35:00,ES,4501.406939972931,1481,-0.005860571018706248,0.014687323546317977,0,0.14484992298929264,-0.9096834169818336
2024-01-02 05:40:00,ES,4501.388426836938,1153,-0.0008025904620754584,0.011869763605422346,1,-0.03597686457890858,-0.936506374789596
2024-01-02 05:45:00,ES,4501.099768198019,8617,0.0109327090545993,0.016320773480747137,1,-0.13260476860820383,-0.6677795564688862
2024-01-02 05:50:00,ES,4501.422486758356,2524,-0.013118401281641687,0.0036312604130936195,1,-0.041346516112327605,0.29219272832637316
2024-01-02 05:55:00,ES,4500.595255814805,3120,0.0014425002281739084,0.01901107828753056,0,0.026028050658288615,-0.1873290184063747
2024-01-02 06:00:00,ES,4501.114602329046,3343,-0.010634016455178528,0.009022875563967478,2,-0.0963758926210611,-2.238231233324972
2024-01-02 06:05:00,ES,4502.647341242048,6136,-0.007400469178227714,0.04549674129587057,2,-0.0957150914895043,-2.120700152635066
2024-01-02 06:10:00,ES,4502.538581093591,6760,0.005587407526118416,0.003699001125744752,1,0.03437878815498854,-0.6068651778571754
2024-01-02 06:15:00,ES,4502.94029281569,2240,-0.011899450533656993,0.014146995385373555,1,-0.0048652351570451155,0.45768658605355206
2024-01-02 06:20:00,ES,4503.630436807402,1060,0.007342442897029785,0.018231668043570525,2,0.0032796995411586514,-2.7475048427252347
2024-01-02 06:25:00,ES,4503.229216335515,2639,-0.013521644466247248,0.000679071097516098,2,-0.07584953347000695,-0.4997301761516306
2024-01-02 06:30:00,ES,4503.453308817326,7185,0.0066698040343816005,0.009041486475332485,1,-0.023040071420576735,-0.5262478565174211
2024-01-02 06:35:00,ES,4503.465901218107,8970,-0.01549531269578512,0.02638282781526387,1,-0.09242331442683044,1.3883377782084478
2024-01-02 06:40:00,ES,4503.563577316657,2252,-0.006178126792566156,0.03433795788068885,2,0.08901984111247868,-0.38502181171286365
2024-01-02 06:45:00,ES,4502.790567532801,5203,0.018964943831295617,0.007513136297626609,0,0.10352493347237526,0.38298898474092846
2024-01-02 06:50:00,ES,4502.81507770706,9363,0.017085463697668862,0.03204857789998273,1,-0.1846187862238094,0.14125714008746323
2024-01-02 06:55:00,ES,4503.313075998305,4549,-0.004125246525171453,0.0686883897622261,2,-0.09295108601924101,-2.1305664798072006
2024-01-02 07:00:00,ES,4504.764219606101,5197,0.0038996058602990143,0.03888058942329602,2,-0.1496529255090079,0.7682072166317373
2024-01-02 07:05:00,ES,4505.723490432186,8009,0.01204068018884884,0.0025031932574792674,2,-0.06500239344068982,0.21539650545628794
2024-01-02 07:10:00,ES,4507.876672889697,7667,0.006812961744204711,0.026920740023684414,2,-0.008343796979036087,0.5082686396745896
2024-01-02 07:15:00,ES,4507.109325326809,3322,-0.002734642464548241,0.007703452970122049,0,-0.14496452196985302,3.9262377064363267
2024-01-02 07:20:00,ES,4507.981645963529,5090,-0.0074863531403633315,0.08916259058652928,2,-0.09218598131253132,-2.0841129394985884
2024-01-02 07:25:00,ES,4508.164987969268,7960,0.008681031429579296,0.013285713521067234,1,-0.10039573720814986,1.7246966497611085
2024-01-02 07:30:00,ES,4510.354790902486,4004,0.011307033086145014,0.002612059939475212,0,0.020726732939894396,-0.28744751940035557
2024-01-02 07:35:00,ES,4509.546492617131,6136,0.01715701834394388,0.0258331825828243,2,0.006934433703625043,0.2873289044030093
2024-01-02 07:40:00,ES,4508.70677077495,1329,-0.016872494234530713,0.007802010947950629,0,-0.07217375533372533,-0.04551224530124217
2024-01-02 07:45:00,ES,4508.107378129506,4640,-0.012531247882010524,0.11671081450735095,1,0.0176820872139398,-0.4242363333980435
2024-01-02 07:50:00,ES,4505.983482405196,8982,0.011619236021470808,0.07802409256785263,2,-0.05466800845872654,-0.5698329282387588
2024-01-02 07:55:00,ES,4505.457727383516,5107,-0.015515305467501768,0.021350065695734097,1,-0.027165511032605328,0.32950873557300914
2024-01-02 08:00:00,ES,4504.698594721962,2341,0.012385499549119328,0.002781252065284896,2,0.16734520902985373,-1.5171736966716791
2024-01-02 08:05:00,ES,4504.848988508438,9407,-0.002149325059853921,0.023222161802778578,2,0.13404610517903479,0.7505791675217656
2024-01-02 08:10:00,ES,4505.1907444842145,1338,-0.005209138193366847,0.0019529288369298757,2,-0.12995812369275977,-0.41619440488525394
2024-01-02 08:15:00,ES,4507.066915323431,6895,0.0020542859627146926,0.0005960783230993896,2,0.08297324178791746,-1.1300693390403578
2024-01-02 08:20:00,ES,4508.017339161617,3708,-0.013453684522354988,0.03462741613703091,2,0.08113965544915921,-0.4500128579958137
2024-01-02 08:25:00,ES,4507.440435505954,2750,0.008240148305983517,0.004708193159162654,0,-0.11482632887526184,1.2571492168625729
2024-01-02 08:30:00,ES,4506.542020834606,6604,0.01689636997694697,0.009529357590299149,2,0.08187776437548606,-0.5353350870162231
2024-01-02 08:35:00,ES,4507.033940006113,3421,0.008705762158142415,0.07258007823781136,2,0.15379319184125528,0.35845361820962024
2024-01-02 08:40:00,ES,4505.713706799092,8119,-0.0024650869255414083,0.00821479494766872,0,-0.11225448062444139,-0.7309562757154733
2024-01-02 08:45:00,ES,4507.545165564947,9901,-0.01538035707765441,0.007033457539883809,0,-0.09175028210142637,0.7579218499236196
2024-01-02 08:50:00,ES,4508.7246056856675,6319,-0.01499587456202933,0.05007151670110242,0,0.10176614668435024,0.6855077387902041
2024-01-02 08:55:00,ES,4508.255430033563,7609,-0.013296433022393077,0.002347502396983558,0,0.0271495310825648,1.8486088332964115
2024-01-02 09:00:00,ES,4506.542295504472,6387,-0.00012278277112317358,0.02850755819515045,0,0.05514762752395233,-0.1755639454992155
2024-01-02 09:05:00,ES,4507.896167878637,4993,0.0011340006327260465,0.08856654997113525,0,0.03405892164004968,0.6686548047579066
2024-01-02 09:10:00,ES,4507.781628033385,9680,0.008684435107409955,0.04631259831352156,2,0.039069592092814416,0.09806753953894455
2024-01-02 09:15:00,ES,4509.019444345358,9044,-0.017960289864830756,0.021091979952606196,2,-0.1326472128311083,1.2958717818630143
2024-01-02 09:20:00,ES,4507.425016686564,9238,0.013112102303923998,0.00753932555243674,1,0.10473177066214484,-0.7188323876087304
2024-01-02 09:25:00,ES,4506.82564166361,5873,0.006944063189453711,0.005869227642149041,2,0.11695899924277736,0.7450053128772811
2024-01-02 09:30:00,ES,4506.830885363328,5806,-0.0032683629306213486,0.034213373221222136,2,-0.022939074406802776,-0.19469729611668168
2024-01-02 09:35:00,ES,4506.8778659570935,9592,-0.011897615417321001,0.042375611718241356,0,-0.004347694981386243,-0.06418817710849775
2024-01-02 09:40:00,ES,4506.427800485614,6913,0.012491406416911188,0.014907129994589458,0,-0.15311075025557222,0.09175248444837286
2024-01-02 09:45:00,ES,4507.050650417961,8124,-0.00300093961237384,0.005603273221072803,2,0.05142547560178349,0.2522403964266774
2024-01-02 09:50:00,ES,4505.983029988579,4157,-0.0002001889934442878,0.0023969254425646115,1,0.05720574417141441,-0.11622904312195817
2024-01-02 09:55:00,ES,4505.840650503557,1390,0.0038361197078793214,0.0018243197415239204,0,-0.0062191016999311,0.21471318317052634
2024-01-02 10:00:00,ES,4505.960946135269,5430,-0.009131989057816113,0.025393525219913,2,0.11243533598705027,1.5781180575621845
2024-01-02 10:05:00,ES,4506.475384969328,9820,-0.0028218057902524895,0.01089863799163923,2,-0.03340772309799405,0.9854496856152184
2024-01-02 10:10:00,ES,4507.186999847417,8686,0.008653169020203801,0.04715347461776037,1,0.05646059258936003,0.8691545924968965
2024-01-02 10:15:00,ES,4506.062357755579,5232,0.007640960784962751,0.026916204369118395,1,-0.10196643386921156,-0.4555395260238707
2024-01-02 10:20:00,ES,4504.528243584843,9007,0.0077310720669523745,0.004245566295036027,0,-0.002355215087423812,-0.8892408282283243
2024-01-02 10:25:00,ES,4505.805920406742,2521,-0.011551797511404319,0.019026828810300097,1,-0.017435425790283586,0.9553005582377528
2024-01-02 10:30:00,ES,4506.138234418721,2500,-0.0023658035072914095,0.011436491155838155,2,0.02253079220409416,0.8760467925297942
2024-01-02 10:35:00,ES,4505.3897478821655,7737,-0.003963938350478049,0.017219473086928738,2,-0.03695269288333586,1.472670675750982
2024-01-02 10:40:00,ES,4506.940899857687,4294,0.004251788422747017,0.02679349279133,1,-0.01314725956716678,-0.6039806259692295
2024-01-02 10:45:00,ES,4507.05657449198,6085,0.003356579896488977,0.03281814651801845,1,0.08260471714415063,-0.22954865536034708
2024-01-02 10:50:00,ES,4508.235871676045,3419,0.0015542733074293653,0.03712433765315961,1,-0.043676423723821745,-1.6394841625254342
2024-01-02 10:55:00,ES,4508.3033901574545,4042,0.02465733955419929,0.005859919982943661,1,-0.16065771007386795,-0.39247110606087293
2024-01-02 11:00:00,ES,4510.3641380823365,5497,-0.002908060801440377,0.000632199447365804,0,0.17495839042054206,0.9965705105794472
2024-01-02 11:05:00,ES,4512.119478924779,2466,-0.004078230860685443,0.026887295265029615,1,0.13814540786904866,-0.46649537922819795
2024-01-02 11:10:00,ES,4511.8705147763,4561,-0.01156749670336056,0.0022486811802187767,0,-0.12922626951056188,0.6404797952008238
2024-01-02 11:15:00,ES,4512.842085727255,1614,-0.015378473259288705,0.007564381174465386,2,0.06897078052451944,-0.19050310599781134
2024-01-02 11:20:00,ES,4513.48746167684,6392,-0.012203173772157754,7.648875946494043e-05,1,-0.050297477055134314,0.32405702822156063
2024-01-02 11:25:00,ES,4514.856093234373,8693,-0.007186819254432798,0.022893301448986544,0,0.026348721533105957,-1.1476913898156673
2024-01-02 11:30:00,ES,4513.891169773792,4223,0.013100730944378526,0.0036576025306090765,1,0.029422412901349372,0.08520944963390106
2024-01-02 11:35:00,ES,4514.577221233791,8138,0.00039163904361858796,0.021300595519715297,2,-0.0234407800316322,-2.9911359709007233
2024-01-02 11:40:00,ES,4515.63564572064,3667,0.0019333066695273338,0.09593295180125905,2,-0.07837656655863966,-0.18689615816198485
2024-01-02 11:45:00,ES,4513.876906234217,8980,-0.0009627330820209662,0.0015089345924719627,2,-0.06905410523162595,-1.6304732437151401
2024-01-02 11:50:00,ES,4512.693647721551,1130,0.0036530099302178867,0.0016042113608409781,1,-0.09161919154812426,1.205994516546816
2024-01-02 11:55:00,ES,4510.654415543791,3983,0.014020721472178433,0.00832183015668825,1,-0.08318222082304448,0.7774073527645112
2024-01-02 12:00:00,ES,4510.385008709347,5278,-0.01993930836268036,0.040256081634826905,0,-0.006717829004935526,0.46667098196608103
2024-01-02 12:05:00,ES,4511.102550965143,8126,0.012183373155853803,0.004854935624006451,2,-0.07157599891107518,1.52100622715938
2024-01-02 12:10:00,ES,4512.604908017239,9230,-0.02515038452535007,0.008937552411820093,1,0.06820520657126199,-0.9489165208248372
2024-01-02 12:15:00,ES,4512.6790027976585,8694,0.0002820271152192764,0.0014192978634619499,2,0.14872461553359273,1.7473631979155582
2024-01-02 12:20:00,ES,4514.3076183432295,7640,0.021919073547444153,0.02880701179976232,2,-0.0580053241370043,0.9321915642603847
2024-01-02 12:25:00,ES,4512.9275168850145,6468,0.00680657939531544,0.010495324978196876,0,0.023940450053537708,-0.23655528721894603
2024-01-02 12:30:00,ES,4511.22413444566,1920,0.0037305893532063655,0.02847981931699613,0,0.049968511030293386,1.1356201471829441
2024-01-02 12:35:00,ES,4511.168586746763,8564,0.020019459668029732,0.046786609071373116,0,0.04720022709192744,-1.1062935124116342
2024-01-02 12:40:00,ES,4511.552652195703,9684,-0.007030628980011439,0.005299194419686368,0,0.007595526791608741,-0.8245141615276735
2024-01-02 12:45:00,ES,4511.519957447608,9502,0.004339674224650475,0.03294238337853668,2,0.07426824183597223,-0.6085897232397004
2024-01-02 12:50:00,ES,4509.452515347569,9930,0.005781170974738931,0.0012182384258224196,0,0.048224895268065726,-0.5289777080640152
2024-01-02 12:55:00,ES,4509.363395308055,4241,-0.005224021342270258,0.045822497888972594,0,-0.12376624223272979,-1.0565576427602528
2024-01-02 13:00:00,ES,4508.058925807551,1545,-0.0043411017949598054,0.021040407781612314,0,0.08691560643892732,1.223083067095325
2024-01-02 13:05:00,ES,4508.728598356381,5346,-0.005437794332233396,0.04146548781630404,0,0.08872908372667421,-0.25885440036983165
2024-01-02 13:10:00,ES,4509.095196602478,4810,0.0008731497400856388,3.768346120154304e-06,2,-0.07632861041785816,0.35250496835687956
2024-01-02 13:15:00,ES,4508.15531681615,8206,0.005466916057713131,0.0037044609294835714,0,0.003793783544760203,-0.5703513664136806
2024-01-02 13:20:00,ES,4507.641449898813,3032,0.001232302729146622,0.009878039054933367,2,0.06833289928110695,-1.8206033005485172
2024-01-02 13:25:00,ES,4506.582236376925,9436,0.0070946181742985535,0.009544687068748251,1,-0.02093138195793616,0.2700573583914221
2024-01-02 13:30:00,ES,4506.519557279651,1271,-0.019691472859735475,0.005142549961914217,2,0.10729780477660118,-1.9122549754197768
2024-01-02 13:35:00,ES,4507.474699600153,4511,-0.002182511637428367,0.009612781791438107,2,0.2363872494619361,-0.06863404608546861
2024-01-02 13:40:00,ES,4506.488973553817,2771,-0.010234193103506461,0.0027587924521836876,0,-0.07859860326349824,-1.3683150388328105
2024-01-02 13:45:00,ES,4506.993020069335,5361,0.0030172251268289836,0.010646472142373938,1,-0.1381044603153775,1.987275999230808
2024-01-02 13:50:00,ES,4506.462762450963,8069,0.0028691742867232323,0.03242558785275505,1,0.030381859560487574,0.9113627221747217
2024-01-02 13:55:00,ES,4505.6698896187,1920,-0.001156221149574553,0.013042794487943963,1,0.07215625051261436,0.10575379127148042
2024-01-02 14:00:00,ES,4505.562859258745,9190,0.005102790105320712,0.00036328122406501217,1,-0.0230866373844769,1.2637066776546686
2024-01-02 14:05:00,ES,4504.527616936326,4430,0.009978127182640276,0.010944400136527581,2,0.14532606633210343,-0.8463159774657358
2024-01-02 14:10:00,ES,4503.973967630979,5435,-0.0006052052230630854,0.0005510217125523656,1,-0.1338605799723249,0.543479378670093
2024-01-02 14:15:00,ES,4502.7760897383905,4760,-0.01051694888099702,0.06777159284806056,2,0.06929186230316112,0.1998104337187135
2024-01-02 14:20:00,ES,4504.740814871307,3050,-0.01581257570919481,0.002726797154559783,2,-0.060586082075889336,0.26402008133367
2024-01-02 14:25:00,ES,4504.776078423279,2165,0.0003611017533012821,0.024598693407481415,2,0.17193779062072967,1.2723535001067678
2024-01-02 14:30:00,ES,4504.0763529152855,9567,0.0024186670151354088,0.0720733640484246,1,0.19925153531681183,0.7324921027798023
2024-01-02 14:35:00,ES,4504.29033282602,3033,-0.009695238895199791,0.03497848879644474,0,-0.0766656587783348,0.28872366282502326
2024-01-02 14:40:00,ES,4504.1780047763295,7467,0.007257668231630327,0.024033866428192763,0,-0.05495571359085802,-1.6548874362282961
2024-01-02 14:45:00,ES,4503.957035176796,1145,-0.0045895688582457345,0.03658435623108592,1,0.0859587886979802,-0.9600462952794637
2024-01-02 14:50:00,ES,4504.571201876839,5388,-0.016564328651711504,0.08012523777220379,0,-0.03871306497895147,-0.12270893359572414
2024-01-02 14:55:00,ES,4505.328709586886,8832,0.012564363423451892,0.019422569019747503,0,-0.004541121793223822,0.09337237427665124
2024-01-02 15:00:00,ES,4504.798208439276,9623,0.011439879192021631,0.016382591089436432,2,0.0025388420542410183,-1.1302037246739238
2024-01-02 15:05:00,ES,4504.222390198632,9896,-0.020155994366630983,0.01979003423078804,2,-0.19196731561976565,2.411676675578421
2024-01-02 15:10:00,ES,4503.94733850148,9173,-0.005626002816536924,0.015214644588240128,1,-0.001383774609423725,1.5163940552535728
2024-01-02 15:15:00,ES,4501.645417336745,3632,-0.006015836814142764,0.02016204161966492,1,-0.06897277740641738,0.6021183203924835
2024-01-02 15:20:00,ES,4500.130226274546,5494,0.016394886594175026,0.011951002946133169,0,-0.049312282239977204,0.07203686128374476
2024-01-02 15:25:00,ES,4501.49710054199,9056,-0.0009929271004165633,0.004929348582375885,2,0.1443632003468814,-0.21220896990115168
2024-01-02 15:30:00,ES,4503.142068255492,8511,-0.014958781980554177,0.002562287003970259,1,-0.12565068942792565,-0.9519184600222356
2024-01-02 15:35:00,ES,4502.893032215935,2828,0.008821047822408784,0.001415766837570355,1,0.08132051867479773,0.07748051851886253
2024-01-02 15:40:00,ES,4503.469589178991,5805,-0.01230775545766081,0.00611191900925507,1,-0.027896293033180853,0.2577525401427507
2024-01-02 15:45:00,ES,4503.7808393335345,1806,-0.0026034049072176124,0.0009444227657419443,1,-0.02797601684958344,-1.2417605754816243
2024-01-02 15:50:00,ES,4506.85972014199,8486,-0.007697688778808768,0.01674824079358715,1,0.07903718960517114,0.33417641724489744
2024-01-02 15:55:00,ES,4507.979295053425,9202,-0.0056045509827994,0.0066767108318323415,1,0.03400512945688904,-0.15525904882474875
2024-01-02 16:00:00,ES,4507.851377461943,2868,0.009372580895639391,0.03480629184851565,0,0.0570612997219531,-1.907807557877391
2024-01-02 16:05:00,ES,4506.895837021343,8878,0.015213301613321658,0.0015428240038250743,2,0.09681846605328612,-0.8603850107795019
2024-01-02 16:10:00,ES,4505.289390701086,6690,-0.012743687463793785,0.005132752711910279,2,-0.03313083831833227,-0.41360553342164424
2024-01-02 16:15:00,ES,4505.492854336952,8827,0.0062607642550781715,0.026204907833683178,1,-0.061223673450775035,1.8876876573401904
2024-01-02 16:20:00,ES,4504.736503591668,6429,-0.007327536296899959,0.018266318040602622,2,-0.10851505265577982,0.5565531245337582
2024-01-02 16:25:00,ES,4503.314249882071,4564,-0.007016719100240756,0.0013332960547749143,2,-0.08254105299789552,-1.3354815690998914
2024-01-02 16:30:00,ES,4502.6676769978285,2389,0.0049063622142271465,0.04195039254593504,2,0.29490944253087253,0.486036289417637
2024-01-02 16:35:00,ES,4501.586128994214,8274,-0.01027902765713695,0.041954026888075466,1,0.12446795807367868,-1.5473039889383655
2024-01-02 16:40:00,ES,4503.273270629286,1824,0.004706026007750447,0.008021734261956136,1,-0.13510743662080213,1.0826910538870733
2024-01-02 16:45:00,ES,4504.154910386236,3265,0.007301133565097351,0.008322610945298563,2,-0.13224579567435701,-0.4711246518178786
2024-01-02 16:50:00,ES,4504.146937744919,1936,-0.004325322616990184,0.09024882733728609,2,0.04818660617184915,-0.09363618873917084
2024-01-02 16:55:00,ES,4505.626881883809,7402,0.013270781020136665,0.01967941279171181,1,0.0547264797377967,1.32579664754219
2024-01-02 17:00:00,ES,4505.704250191457,4845,-0.01272824612061507,0.01515655244625927,0,0.054888383531736445,-1.28716356858425
2024-01-02 17:05:00,ES,4504.8429659901285,2796,0.013454061906116721,0.03642197579816665,2,-0.025495579355369787,-1.3971181851129912
2024-01-02 17:10:00,ES,4506.3660900673985,9245,-0.01943987429485133,0.006717577727770534,0,-0.012545426000290023,-0.5835993263460049
2024-01-02 17:15:00,ES,4506.905000111083,8214,0.026997141404195096,0.011213717974868706,2,0.03278795241593574,1.0383788510193166
2024-01-02 17:20:00,ES,4505.867753956756,1726,-0.004062022386218326,0.006233394468401092,0,0.008589300629333042,-1.5193460754768424
2024-01-02 17:25:00,ES,4505.677415278673,3736,-0.011623071563876177,0.031133194846336986,0,-0.22193003727475352,-2.832155598110569
2024-01-02 17:30:00,ES,4504.801797025288,2913,-0.002326719085199986,0.017035794805467006,0,-0.022979963057519384,-0.4511588584089988
2024-01-02 17:35:00,ES,4503.418997294324,8657,-0.010464779426244283,0.02150719884883664,1,-0.08514064342603136,0.5517407999109204
